driver_id,signup_date,vehicle_dispatchability,avg_rating,current_tier,Churned
fa1d1df1-be44-4802-8b83-9e02c09b7a30,2025-10-21T04:42:02.922372+00:00,{UberX},4.77,Blue,1
9fe9b691-affc-40a8-a06e-a7f94ca2fce3,2025-10-09T03:31:58.922372+00:00,"{UberX,Comfort}",4.86,Diamond,0
098fdc14-e6b9-4645-81b1-9708484d4208,2025-09-03T13:01:14.922372+00:00,"{UberX,Comfort,Electric}",4.87,Platinum,0
10c78cfb-959f-4cf5-80f4-7166c07dfb23,2025-10-13T13:56:57.922372+00:00,"{UberX,Comfort}",4.93,Diamond,0
ce279595-2631-45a6-8ff9-fbcb5615bbdd,2025-08-23T21:27:29.922372+00:00,{UberX},4.84,Blue,0
46c67f8f-fa59-4d59-a204-4fc1c74dff80,2025-10-28T00:11:32.922372+00:00,"{UberX,Comfort}",4.93,Diamond,0
4dc6a45d-b318-441a-9a2c-3dccbecac51e,2025-07-18T11:53:35.922372+00:00,"{UberBlack,Premier,Comfort,UberX}",4.96,Platinum,1
8ddccb0b-4ffc-4c7c-bd8b-35cde9ec2dca,2025-11-09T07:52:09.922372+00:00,{UberX},4.53,Blue,1
93af3d35-8086-4125-a308-45764180a97b,2025-09-28T19:07:46.922372+00:00,"{UberX,Comfort,Electric}",4.81,Platinum,0
dc4fec46-d677-4281-aaa2-cb50f46920e0,2025-11-09T02:33:58.922372+00:00,"{UberX,Comfort}",4.9,Platinum,0
0ae9238b-c918-4ccb-a8cf-e70562fc3752,2025-09-13T02:08:15.922372+00:00,{UberX},4.5,Blue,1
552285d0-8f22-4f69-8c02-71d35a1dbcbf,2025-11-25T10:02:29.922372+00:00,"{UberX,Comfort}",4.97,Diamond,0
859cce2f-336f-4f58-9208-fba3e7c13863,2025-12-24T19:20:29.922372+00:00,"{UberX,Comfort,Electric}",4.81,Platinum,0
5caf82e5-8a79-46a9-8b20-c6610a8a0e85,2025-08-05T03:21:16.922372+00:00,"{UberX,Comfort,Electric}",4.89,Diamond,0
95d8f25e-17fa-41dc-8e05-eb7fb4db13c3,2025-11-01T15:41:09.922372+00:00,{UberX},4.73,Gold,0
4fd95371-4a40-4ea7-986e-624132a3ae8a,2025-07-10T10:38:03.922372+00:00,"{UberX,Comfort}",4.98,Diamond,0
9f49931a-a3ab-4ed7-a3f5-9ed4eaef173e,2025-07-24T11:36:58.922372+00:00,"{UberX,Comfort}",4.98,Platinum,0
b6369baf-514d-40b1-ab01-95ca000c2aad,2025-10-31T22:47:33.922372+00:00,{UberX},4.83,Gold,0
b9fc851f-d2fa-4398-84f4-38d45946bd3e,2025-07-25T06:50:41.922372+00:00,{UberX},4.73,Blue,1
177685e1-6844-4f6b-970a-33c4fc32f9f5,2025-08-05T06:49:45.922372+00:00,{UberX},4.78,Gold,1
e438e81c-4c2e-47c1-9d13-dc2810e101ff,2025-11-17T19:37:34.922372+00:00,{UberX},4.84,Gold,1
8338e38b-57e6-4755-b19c-b3a70927415a,2025-10-13T14:50:16.922372+00:00,"{UberX,Comfort}",4.93,Diamond,0
92bb3c05-e55f-46aa-8d95-0ab4d4c21ad6,2025-11-18T11:24:54.922372+00:00,{UberX},4.72,Blue,1
4dac15c5-bb57-40f4-a832-757863ca4f39,2025-10-16T18:12:25.922372+00:00,"{UberBlack,Premier,Comfort,UberX}",4.95,Platinum,0
1d368de8-abde-45c4-8869-fbb7e81b6b34,2025-07-14T10:44:46.922372+00:00,{UberX},4.74,Blue,0
151f3603-4c32-4dec-9406-7c0ae6ebb940,2025-07-12T03:46:44.922372+00:00,"{UberX,Comfort,Electric}",4.79,Platinum,0
7adaf23a-c862-4cca-8c80-0c9824e0fa4c,2025-10-12T03:21:52.922372+00:00,"{UberX,Comfort,Electric}",4.8,Platinum,1
a24612af-c5bd-49af-b1c2-6ce15aabdea5,2025-08-03T18:08:33.922372+00:00,"{UberBlack,Premier,Comfort,UberX}",4.93,Platinum,0
8dba535e-a08a-48bf-8947-c0fb5b402281,2025-12-31T13:01:06.922372+00:00,{UberX},4.76,Blue,0
8d3da2a0-675b-4ebf-b4f6-ffd04d7b497e,2025-09-10T08:35:05.922372+00:00,{UberX},4.81,Blue,1
5cf71309-1ada-41f1-a285-582f427cc376,2025-11-19T03:15:00.922372+00:00,"{UberBlack,Premier,Comfort,UberX}",4.91,Diamond,0
c652d42e-e046-4e09-99e9-43960c35a0e1,2025-11-19T18:11:28.922372+00:00,"{UberX,Comfort,Electric}",4.83,Platinum,0
8c3aaa18-1211-4274-b28a-e1100dcb118b,2025-10-20T00:37:17.922372+00:00,"{UberX,Comfort}",4.87,Diamond,0
af9326bd-352a-45a6-b023-daa9dad3c4f6,2025-09-07T18:29:23.922372+00:00,{UberX},4.54,Blue,1
4093c562-42e1-49ec-a0d5-81e5b5adb700,2025-10-13T07:17:45.922372+00:00,"{UberX,Comfort,Electric}",4.76,Platinum,0
8f9f2a0c-d4e6-4cbe-90f4-6dc95634b4ce,2025-07-14T22:35:43.922372+00:00,{UberX},4.74,Gold,0
9737df4d-4367-40e4-b7e9-f6590d21d567,2025-08-30T16:11:01.922372+00:00,{UberX},4.8,Blue,1
c5cd7f39-eb2f-4069-a8f3-09597bdcdc6a,2025-08-27T20:46:30.922372+00:00,{UberX},4.72,Blue,0
c8bfd05f-0d55-40a6-ab01-56896bc196fa,2025-08-07T00:55:59.922372+00:00,"{UberBlack,Premier,Comfort,UberX}",4.98,Diamond,0
191f4a3c-5965-4539-b326-eb55278e4003,2025-09-19T10:22:11.922372+00:00,{UberX},4.66,Blue,1
17fdfad6-f135-4c16-8b73-e6b2e26a3d8d,2025-08-20T11:32:05.922372+00:00,"{UberBlack,Premier,Comfort,UberX}",4.98,Diamond,0
e32bb262-6e46-4305-80ab-54faa4df5cb7,2025-07-18T19:54:57.922372+00:00,"{UberX,Comfort,Electric}",4.78,Platinum,1
8a1f84c0-4cc7-4302-adbe-f03df4d42857,2025-12-04T00:39:23.922372+00:00,{UberX},4.79,Gold,1
d3510f43-e8e3-47bd-8961-0acbaa10a56c,2025-11-27T06:00:49.922372+00:00,"{UberBlack,Premier,Comfort,UberX}",4.95,Platinum,0
a9f1f3e1-b790-45ca-91da-296807642e1d,2025-11-08T04:15:06.922372+00:00,{UberX},4.75,Blue,0
db06e65f-5acd-4058-8bd5-a626c35f682d,2025-11-25T07:57:36.922372+00:00,"{UberX,Comfort,Electric}",4.86,Diamond,1
a82c419e-7c8e-46bb-aa09-6260d6fb70ac,2025-10-23T09:19:49.922372+00:00,"{UberX,Comfort}",4.88,Diamond,0
98209f35-fda9-400c-b13f-d2d85469a107,2025-11-19T14:29:22.922372+00:00,{UberX},4.85,Platinum,0
4e6d59b2-a32a-416a-874e-0600e51c0bda,2025-10-01T18:15:52.922372+00:00,"{UberX,Comfort}",4.94,Platinum,0
fa10257a-e0fc-4f03-bec0-c1f51378fb35,2025-12-08T01:57:40.922372+00:00,"{UberX,Comfort,Electric}",4.77,Gold,0
c23fdd89-f60b-4fa5-a1c9-8203bfd5c01c,2025-07-24T02:29:26.922372+00:00,{UberX},4.65,Blue,1
fcd2e683-9996-4be1-8c4d-1a465f20807b,2025-09-13T22:42:19.922372+00:00,"{UberX,Comfort}",4.87,Platinum,1
953d400d-795e-4ec5-974e-d57c7ffda950,2025-10-24T13:38:07.922372+00:00,"{UberBlack,Premier,Comfort,UberX}",4.92,Platinum,0
80fe0afb-b71d-4879-acc8-5322e66da66f,2025-11-07T10:16:55.922372+00:00,"{UberX,Comfort}",4.96,Platinum,0
33337d89-0d77-4b9f-97e8-bedbd69e0802,2025-11-02T02:31:39.922372+00:00,"{UberX,Comfort,Electric}",4.76,Platinum,0
44452aed-b72b-42f9-8e30-4ed153b42dc9,2025-08-30T10:52:48.922372+00:00,"{UberX,Comfort,Electric}",4.82,Platinum,0
1896784c-71f3-43da-8417-44472b13148d,2025-08-11T23:49:30.922372+00:00,{UberX},4.75,Gold,0
bfaf2bce-f3bb-4271-bd2b-bdcdf3682e3d,2025-08-21T15:18:37.922372+00:00,"{UberX,Comfort,Electric}",4.85,Diamond,0
1e98562f-e115-445e-addd-97f41c2cc7c2,2025-07-22T12:06:39.922372+00:00,"{UberX,Comfort}",4.93,Diamond,0
59674101-530b-4956-a04a-6a0499b40a99,2025-08-15T03:29:57.922372+00:00,"{UberX,Comfort,Electric}",4.8,Gold,0
f82ea049-47d3-4d58-99d9-2a9de22b2782,2025-11-14T02:47:42.922372+00:00,{UberX},4.68,Blue,1
baad0b64-01d1-4849-a798-433ea7fe2438,2025-09-26T00:35:03.922372+00:00,{UberX},4.8,Blue,1
a164fc1f-e957-4fcf-9b89-7092a408dfa7,2026-01-03T00:17:39.922372+00:00,"{UberBlack,Premier,Comfort,UberX}",4.91,Diamond,0
2f48216b-a6f0-4bdb-856f-a7d48b9fe56f,2025-11-19T23:20:21.922372+00:00,"{UberX,Comfort}",4.92,Diamond,0
8ad589e1-ea7a-4bb2-be74-e646d4c090ed,2025-09-28T07:37:06.922372+00:00,"{UberX,Comfort,Electric}",4.78,Platinum,0
4d98ff04-96d7-47de-bc6d-75c56abfe921,2025-08-15T18:26:49.922372+00:00,"{UberBlack,Premier,Comfort,UberX}",4.94,Diamond,0
b7a2249c-ee6b-4f7e-ba4f-882bca25eed9,2025-10-30T08:50:26.922372+00:00,"{UberX,Comfort,Electric}",4.83,Gold,0
b1f9bc9e-8400-445e-9b55-bebdd8f0b1ff,2025-09-11T02:36:54.922372+00:00,{UberX},4.82,Blue,0
6d8cd09c-1cbe-44b9-acd3-db4dde30bdcf,2025-12-15T20:40:36.922372+00:00,"{UberX,Comfort}",4.86,Diamond,0
1997cb60-9fd7-479b-9d71-157b3eed4e79,2025-10-26T16:28:54.922372+00:00,{UberX},4.84,Blue,1
f8c1d5dc-7d4f-48f8-8d7e-d9f01fdd15d0,2025-07-19T20:38:46.922372+00:00,"{UberX,Comfort}",4.98,Diamond,0
08dd2fb7-ba53-4afb-acf7-05c6f53c1c6d,2025-11-03T23:25:18.922372+00:00,"{UberX,Comfort}",4.88,Diamond,0
c3942be0-8eee-466a-8b25-ca767dc52871,2025-11-11T17:13:59.922372+00:00,"{UberX,Comfort,Electric}",4.9,Diamond,0
8a382707-b964-452c-a9aa-48ec55c6f9e4,2025-07-18T15:50:03.922372+00:00,{UberX},4.86,Platinum,1
0074d700-673f-4024-98e2-299be0afdb7b,2025-12-09T17:32:15.922372+00:00,{UberX},4.71,Blue,1
9611014b-9b4c-4aca-b9a8-53ab14c3c318,2025-11-11T13:23:06.922372+00:00,{UberX},4.53,Blue,1
f5775401-d8a9-413d-ab89-c25e76fd7f30,2025-07-13T05:03:37.922372+00:00,{UberX},4.71,Gold,1
966400ba-3226-40c3-a493-141c2657c96c,2025-09-12T14:56:02.922372+00:00,"{UberX,Comfort,Electric}",4.85,Platinum,0
07e145b5-c8eb-4070-aacc-7244dd2c1b94,2025-07-25T05:18:36.922372+00:00,"{UberX,Comfort,Electric}",4.75,Gold,0
5fdb53de-6e22-4a61-b3c0-ccc51175119d,2025-09-12T14:30:14.922372+00:00,"{UberX,Comfort}",4.94,Platinum,0
26e9315c-9879-465e-81fa-7ced6f93af08,2025-10-10T12:33:56.922372+00:00,{UberX},4.75,Gold,0
38f6aef9-9e73-4a5d-a8bd-db2112e50841,2025-08-14T08:08:46.922372+00:00,"{UberX,Comfort,Electric}",4.89,Diamond,0
3e592125-863e-4afc-86e8-623b3d626307,2025-12-09T22:38:21.922372+00:00,"{UberX,Comfort}",4.94,Platinum,0
32a21a6d-dae3-40e6-bf80-bfec05bc27e0,2025-12-04T06:16:06.922372+00:00,"{UberX,Comfort,Electric}",4.76,Gold,0
937de0a3-49e5-40ff-94df-230131f0f96e,2025-09-27T07:28:47.922372+00:00,"{UberBlack,Premier,Comfort,UberX}",4.93,Platinum,0
2e72f411-8a06-4437-babe-78635470973f,2025-11-18T06:05:28.922372+00:00,{UberX},4.72,Gold,1
2420bac1-78f1-407e-b3a4-cc65f77f4cf3,2025-10-13T00:36:59.922372+00:00,{UberX},4.8,Blue,1
674b9bb1-001b-4a54-8fc1-0620fea16538,2025-08-11T12:19:58.922372+00:00,{UberX},4.75,Blue,1
c44c2240-55a2-48f2-9cea-fb68acddf87e,2025-08-10T08:29:16.922372+00:00,"{UberX,Comfort}",4.87,Diamond,0
ed66076d-4a8e-476e-be9d-65baa20d38af,2025-12-05T01:54:58.922372+00:00,"{UberX,Comfort}",4.91,Diamond,1
be80fc3c-efcf-42eb-b642-921239bc2007,2025-10-23T14:15:45.922372+00:00,"{UberX,Comfort,Electric}",4.83,Platinum,0
9f5fe9ce-f110-497b-bc51-bf4db3815a0a,2025-07-13T23:54:32.922372+00:00,"{UberX,Comfort,Electric}",4.87,Diamond,0
1d970a0c-6fd8-443b-9603-2ae8b96a6a6b,2025-11-28T10:21:56.922372+00:00,{UberX},4.82,Gold,1
d236c02c-632b-4c16-8df8-72712d7dde75,2025-07-27T19:36:00.922372+00:00,"{UberX,Comfort,Electric}",4.9,Diamond,0
42363e2a-71d9-4626-b345-0ba87d1af4be,2025-12-31T00:45:54.922372+00:00,{UberX},4.86,Platinum,1
e024939e-18fa-4fe2-834e-51af2b01f8be,2025-08-31T21:27:41.922372+00:00,"{UberX,Comfort}",4.97,Platinum,0
8f24be0d-9635-4730-abd7-5ed9ea34df8e,2025-07-19T00:10:30.922372+00:00,{UberX},4.55,Blue,1
f5609689-736c-4d1a-be72-5a2fe9befce8,2025-07-14T23:04:48.922372+00:00,"{UberBlack,Premier,Comfort,UberX}",4.99,Platinum,0
e5eeda6b-ae06-4478-ba5f-bab694354af1,2025-09-12T17:14:39.922372+00:00,{UberX},4.77,Blue,0
70b5c06d-71cb-4d9a-818e-9e5bc45bdc0c,2025-08-21T09:05:46.922372+00:00,"{UberX,Comfort}",4.92,Diamond,0
5db21a92-344e-45fe-94e4-8888b3b9e0de,2025-08-03T20:40:42.922372+00:00,{UberX},4.71,Gold,1
ad4b24c4-2170-4c29-9058-4ee14c3a2437,2025-11-30T06:48:31.922372+00:00,"{UberX,Comfort,Electric}",4.82,Platinum,0
0da86c64-7ba6-4e7b-98c0-d8af12cf61db,2025-09-14T08:38:26.922372+00:00,"{UberBlack,Premier,Comfort,UberX}",4.92,Platinum,0
36a32ce0-a28a-44af-b186-75fc3e9b693a,2025-11-26T16:04:13.922372+00:00,{UberX},4.81,Gold,1
4e9750c9-a9c9-434a-8394-6592d118115e,2025-08-12T00:23:01.922372+00:00,{UberX},4.6,Blue,1
6b2c896d-5c74-4db6-8fa7-d60eb62a4494,2025-09-16T07:08:52.922372+00:00,"{UberX,Comfort,Electric}",4.79,Gold,1
ab90a1cd-1907-42d6-89bd-9f95fffd8b9f,2025-12-09T12:00:04.922372+00:00,{UberX},4.68,Blue,1
39d1328b-99bb-4d52-a572-716d3fdf43bb,2025-08-14T02:27:06.922372+00:00,{UberX},4.78,Blue,0
bb7b456f-cb46-46b3-a22a-065f390ef0cc,2025-11-10T14:41:19.922372+00:00,"{UberX,Comfort,Electric}",4.81,Platinum,0
a93e5ea9-987a-4122-991a-25075e125af5,2025-09-04T12:55:21.922372+00:00,"{UberX,Comfort}",4.88,Platinum,0
af17275f-4820-495b-8a8c-91be844a6627,2025-07-20T05:27:24.922372+00:00,"{UberX,Comfort}",4.96,Platinum,0
811e903b-ad9a-46fe-a6a0-4443848d10b0,2025-11-30T21:39:51.922372+00:00,{UberX},4.74,Gold,1
c457e435-74c3-4128-b0c2-869fc65ef732,2025-09-01T13:04:07.922372+00:00,{UberX},4.77,Gold,1
4e2ab2e7-50e2-4a5b-8584-1499db2a7475,2025-10-16T17:24:36.922372+00:00,"{UberX,Comfort}",4.89,Diamond,0
4b0e3f71-2c71-47a2-bae1-0599782f684c,2025-10-24T20:31:25.922372+00:00,"{UberX,Comfort,Electric}",4.85,Platinum,1
750a1aa1-3ba1-4898-bd33-7cc601ea35c7,2025-07-17T15:22:36.922372+00:00,"{UberX,Comfort,Electric}",4.87,Platinum,0
706b9e44-6a4f-4a83-b839-b8c075a11876,2025-11-11T01:27:22.922372+00:00,"{UberX,Comfort,Electric}",4.81,Gold,0
f5cdb3df-6c8c-45c8-8698-647f746cbc02,2025-09-06T02:28:06.922372+00:00,{UberX},4.85,Platinum,1
d3c411de-1212-433a-ac4d-a5e2369a62bf,2025-07-19T05:00:08.922372+00:00,"{UberX,Comfort}",4.88,Diamond,0
d18161d0-d2be-4773-b241-1910f3ce9b66,2025-09-27T23:00:20.922372+00:00,"{UberX,Comfort,Electric}",4.89,Platinum,0
fa35ff1f-f117-4423-9761-a730dad7d907,2025-07-28T15:21:45.922372+00:00,"{UberX,Comfort}",4.86,Diamond,0
2a45499f-d8c8-4a09-9ae6-dc34f1273eee,2025-10-18T03:00:27.922372+00:00,"{UberX,Comfort}",4.95,Platinum,0
91b72041-6d6a-436d-a29c-da231a24d7ef,2025-12-01T19:36:13.922372+00:00,{UberX},4.72,Blue,1
f1ff2072-4f5a-434c-951f-ff8065650942,2025-07-12T09:50:18.922372+00:00,"{UberX,Comfort,Electric}",4.89,Platinum,1
e88d29a4-2489-40df-b1b4-378379163fdc,2025-11-11T01:32:15.922372+00:00,"{UberX,Comfort,Electric}",4.89,Platinum,0
1f7d13ab-66e5-49fa-9cad-8a24f419693d,2025-09-25T03:52:54.922372+00:00,"{UberX,Comfort}",4.97,Diamond,0
3402db6d-9ce6-492e-ae15-05ff24e10ba5,2025-10-20T16:58:08.922372+00:00,"{UberX,Comfort,Electric}",4.82,Platinum,0
2850f1e7-dd3e-4734-abe1-6ddec854525b,2025-09-13T14:56:10.922372+00:00,{UberX},4.81,Gold,0
18c11620-1527-42a7-97e8-5d97a514496a,2025-07-19T19:40:07.922372+00:00,"{UberBlack,Premier,Comfort,UberX}",4.98,Diamond,1
dd371335-7b57-4b17-8cfe-7c4c542bdfa1,2025-09-19T22:06:28.922372+00:00,"{UberX,Comfort,Electric}",4.75,Gold,0
1626695a-87a0-455b-8a5e-1656a02f0aae,2025-11-14T07:19:25.922372+00:00,"{UberX,Comfort}",4.93,Diamond,0
15e97c28-4423-435e-8719-d9c16427605c,2025-10-13T02:58:58.922372+00:00,"{UberX,Comfort,Electric}",4.83,Platinum,0
0c7b5512-c59b-4a7b-b8ca-42855be9e60a,2025-09-16T15:01:40.922372+00:00,"{UberX,Comfort}",4.96,Platinum,0
3f238557-ed3d-49d3-9c9b-5f28233d8988,2025-07-15T15:54:41.922372+00:00,{UberX},4.7,Blue,1
c797fc1c-bbe4-463f-9818-a3bd87029199,2025-12-06T08:14:21.922372+00:00,{UberX},4.66,Blue,0
1ceef4c4-156f-4548-a49f-e4a16f46cd86,2025-12-02T07:05:17.922372+00:00,{UberX},4.73,Gold,0
e29e497c-e6aa-43f9-a6e4-b0cdc8b652fd,2025-08-10T09:57:04.922372+00:00,"{UberBlack,Premier,Comfort,UberX}",4.94,Diamond,0
2f07db8a-4ce0-4c5f-a957-bd3e0a094e5e,2025-11-28T02:19:17.922372+00:00,"{UberBlack,Premier,Comfort,UberX}",4.92,Diamond,0
3c8f1026-aa8b-42c2-822c-312b6fe75d58,2025-09-30T19:03:17.922372+00:00,{UberX},4.71,Blue,1
e874e980-f6f9-4ae7-a5d7-22a0def0df56,2025-08-11T13:08:54.922372+00:00,"{UberX,Comfort}",4.93,Platinum,0
9b4bf37a-c4ba-441a-9501-0181f4bb4d0e,2026-01-02T10:31:44.922372+00:00,"{UberX,Comfort,Electric}",4.84,Gold,1
1b6ed9e9-0e7d-470a-808a-a37f2e3b0f1b,2025-07-31T19:15:04.922372+00:00,{UberX},4.78,Blue,1
3850a7ea-48a2-411f-a744-387e45dc613b,2025-11-15T07:24:43.922372+00:00,{UberX},4.76,Gold,1
38d2ac2f-a8ce-4117-afd9-c214c702aa10,2025-08-24T22:43:41.922372+00:00,"{UberX,Comfort}",4.87,Diamond,0
a8747a46-3b8e-413b-8306-e5f06013d6da,2025-11-16T05:51:51.922372+00:00,{UberX},4.81,Blue,1
c594b3b8-67f4-4fff-a918-9246faf23782,2025-10-23T18:51:20.922372+00:00,{UberX},4.82,Gold,0
bf6c2ce2-57fd-45c8-a73d-785cabe0d59d,2025-08-16T15:03:39.922372+00:00,"{UberX,Comfort}",4.88,Platinum,0
67ada206-7c82-4cfb-a99a-f8f99ad4f8e4,2025-10-28T06:50:05.922372+00:00,"{UberX,Comfort,Electric}",4.88,Diamond,0
a4540eef-51e3-4a48-b2be-b4f25137080d,2025-11-26T14:59:06.922372+00:00,"{UberBlack,Premier,Comfort,UberX}",4.96,Platinum,0
6303d886-2144-4f18-9990-7891bb9aeac8,2025-09-09T00:12:42.922372+00:00,{UberX},4.78,Gold,1
5728147f-10d0-4e8a-aaa5-c03d83bfcc76,2025-09-04T12:19:50.922372+00:00,{UberX},4.77,Gold,0
c98854e1-9541-4e7d-bcc0-e3c75d966151,2026-01-01T05:27:16.922372+00:00,"{UberBlack,Premier,Comfort,UberX}",4.94,Platinum,0
d85d85c2-1e19-4e08-9ff5-16228e3ddda7,2025-11-23T12:27:29.922372+00:00,"{UberX,Comfort,Electric}",4.88,Platinum,0
5c369ccc-cc18-42e0-9c57-ded60bd6945f,2025-09-03T13:20:51.922372+00:00,"{UberX,Comfort,Electric}",4.76,Platinum,0
54045437-d1c3-43c7-8925-093b4a984ea6,2025-07-20T06:58:55.922372+00:00,"{UberX,Comfort}",4.85,Platinum,0
f8838e66-765a-4c1a-8df7-18a6abb0c534,2025-11-12T12:43:20.922372+00:00,"{UberBlack,Premier,Comfort,UberX}",4.94,Diamond,0
7c38bf15-8e4b-4009-8617-386af0a3087a,2026-01-02T10:17:02.922372+00:00,{UberX},4.77,Blue,1
05d052d7-bced-4cc6-b5ca-5c2871368dd0,2025-09-03T16:48:49.922372+00:00,"{UberBlack,Premier,Comfort,UberX}",4.99,Platinum,0
e857703a-0d36-4907-a1b7-dc16bee8f1c3,2025-11-27T03:27:40.922372+00:00,"{UberBlack,Premier,Comfort,UberX}",4.93,Diamond,0
e9bd9afe-8e4f-4533-923c-45c5147c04b0,2025-11-29T11:00:17.922372+00:00,{UberX},4.59,Blue,1
a12806de-1d18-4205-a7d0-3e46c65e96c6,2025-11-28T07:01:29.922372+00:00,"{UberBlack,Premier,Comfort,UberX}",4.96,Diamond,0
ef501cf4-524f-4798-8b7e-62c3c74b29f7,2025-10-13T21:15:49.922372+00:00,"{UberX,Comfort,Electric}",4.81,Platinum,0
f23df2ba-9ba8-483d-9184-21f106ea731b,2025-08-30T08:10:48.922372+00:00,{UberX},4.74,Blue,0
3ad8c428-d70e-4cfb-ac91-351c227fd103,2025-09-21T08:18:09.922372+00:00,{UberX},4.72,Gold,0
593ed304-68a6-423a-96ba-59020386217a,2025-10-24T00:14:30.922372+00:00,{UberX},4.85,Platinum,1
68369e48-382a-4c66-9e82-e3179ace3935,2025-07-28T07:26:08.922372+00:00,"{UberX,Comfort,Electric}",4.87,Platinum,1
d4263890-f25d-4a45-bf8b-a26fedb595b3,2025-11-15T04:57:02.922372+00:00,"{UberX,Comfort,Electric}",4.88,Platinum,0
549b7d07-2a41-4402-84df-1a89edae6f1c,2025-11-25T16:06:36.922372+00:00,{UberX},4.82,Gold,1
e860b643-025d-432a-8776-97864a106aad,2025-11-08T22:39:59.922372+00:00,{UberX},4.86,Diamond,1
991c39fe-9352-4002-82a4-5448af3c9de2,2025-08-08T20:45:59.922372+00:00,"{UberBlack,Premier,Comfort,UberX}",4.97,Diamond,0
bc4ed487-ab55-4ccf-86b3-487eb70f2b3a,2025-11-02T18:26:20.922372+00:00,"{UberX,Comfort}",4.92,Diamond,0
44ef74e4-9b24-4d8c-b1ba-e572d1e133e8,2025-10-16T12:00:06.922372+00:00,{UberX},4.75,Gold,1
66571429-a886-4ce0-8f32-6300bbc6d989,2025-08-08T06:13:41.922372+00:00,"{UberBlack,Premier,Comfort,UberX}",4.93,Diamond,0
3f1b4d3d-2d73-4563-8858-378549266498,2025-12-28T21:35:12.922372+00:00,{UberX},4.68,Blue,1
73cb0559-e1c2-4951-8bfb-8bb2c5d85d3a,2025-10-13T18:13:21.922372+00:00,{UberX},4.74,Blue,0
e28f0b68-25b9-4391-a0f0-f5a0ca2b36b6,2025-11-16T01:27:31.922372+00:00,{UberX},4.58,Blue,1
c7139339-9360-47dc-bbba-f597b28f7c10,2025-12-30T17:40:19.922372+00:00,"{UberX,Comfort,Electric}",4.75,Gold,1
17c4cf6c-d052-4b2c-a8d3-5eab2c26b51f,2025-07-09T06:36:14.922372+00:00,{UberX},4.72,Blue,1
b704a68c-6f24-4f92-8231-f19d24589f51,2025-12-09T11:37:18.922372+00:00,"{UberX,Comfort}",4.94,Platinum,1
e046ce06-fc50-4f2b-9771-bdac20abcee4,2025-12-11T02:01:24.922372+00:00,{UberX},4.62,Blue,1
ddf9540b-9cb2-44d9-84e0-8d0dac0c040d,2025-09-28T04:03:25.922372+00:00,"{UberX,Comfort,Electric}",4.79,Platinum,0
be59f353-a89e-45ea-9da9-745c60b75207,2025-12-30T22:29:54.922372+00:00,"{UberX,Comfort,Electric}",4.75,Gold,1
15ae11f5-c8ea-4ee2-8fa5-90bf257d2ff1,2025-12-22T16:10:53.922372+00:00,"{UberX,Comfort}",4.96,Diamond,0
0a37738a-ce89-4dee-97ec-2d678dfdc13c,2025-09-07T10:15:38.922372+00:00,"{UberBlack,Premier,Comfort,UberX}",4.97,Diamond,0
877431be-9e9d-4e5c-be4c-86564d57e7dd,2025-12-11T11:46:06.922372+00:00,"{UberX,Comfort,Electric}",4.86,Platinum,0
a77d42b6-7aac-42ce-a9e6-c3eb4a5092f6,2025-09-26T02:43:02.922372+00:00,{UberX},4.82,Blue,0
ba5feb3c-7f29-45ea-a932-086ba117d714,2025-11-05T17:09:16.922372+00:00,{UberX},4.66,Blue,1
06a62a1a-495c-4b31-9f95-068bae5e0f51,2025-07-15T19:43:37.922372+00:00,"{UberBlack,Premier,Comfort,UberX}",4.97,Platinum,0
1ee7360a-a380-44ca-a080-bdc3b012f180,2025-07-30T08:26:06.922372+00:00,{UberX},4.51,Blue,1
6a50aeaf-52b2-4dbf-9405-4b62d50dd9e1,2025-10-26T07:25:30.922372+00:00,{UberX},4.51,Blue,1
ed348b18-9bf1-4f4c-aac0-9251e75496f8,2025-09-22T01:15:37.922372+00:00,"{UberX,Comfort,Electric}",4.84,Platinum,0
7c23e8d8-eb11-49ba-81e9-e024d7e57c1c,2025-12-04T01:08:58.922372+00:00,"{UberX,Comfort,Electric}",4.84,Gold,1
5b0ca27a-ce0c-4e97-863a-b20244761d9b,2025-10-06T09:42:01.922372+00:00,"{UberX,Comfort}",4.96,Diamond,0
17b1f556-e742-41d9-bc87-62e176a76e93,2025-12-15T21:03:19.922372+00:00,{UberX},4.7,Blue,1
87b51ff2-bda9-417a-adf0-aeb228f2a232,2025-10-10T09:18:16.922372+00:00,"{UberX,Comfort}",4.94,Platinum,0
b766e10a-2f02-49a4-88c3-84776e8dc686,2025-09-23T05:06:59.922372+00:00,"{UberBlack,Premier,Comfort,UberX}",4.92,Diamond,0
8b10577a-adc7-485b-8e91-f0878f87d377,2025-09-04T01:55:08.922372+00:00,"{UberX,Comfort}",4.91,Platinum,0
dff4edff-e26b-407f-996d-44bff0dd590e,2025-11-11T15:54:40.922372+00:00,"{UberX,Comfort,Electric}",4.76,Platinum,1
29e93f1d-6018-45f3-8df3-eac0b7c08fb5,2025-07-09T03:17:38.922372+00:00,"{UberX,Comfort}",4.91,Platinum,0
dc9b1bf4-812e-42e8-8f2e-d30299c9f551,2025-07-25T13:14:05.922372+00:00,"{UberX,Comfort,Electric}",4.75,Gold,0
b827f009-53e8-4b0e-be90-286d05929437,2025-11-08T18:17:00.922372+00:00,{UberX},4.55,Blue,1
95d56a95-7eb9-49b2-9282-137badd79b8d,2025-09-14T02:47:40.922372+00:00,"{UberX,Comfort,Electric}",4.75,Platinum,0
efb33b0d-2f02-4ea8-8f71-eb8d52e41716,2025-07-19T10:46:58.922372+00:00,"{UberX,Comfort}",4.92,Platinum,0
4f3b95d8-e127-455f-87e2-eeff26ead091,2025-08-06T11:07:29.922372+00:00,{UberX},4.82,Blue,0
691b9692-4c64-4380-a951-8ee0360bd97b,2025-10-19T03:25:36.922372+00:00,{UberX},4.51,Blue,1
27c88ec3-c26c-4374-a61c-cc5b665c055b,2025-09-08T09:11:35.922372+00:00,"{UberX,Comfort,Electric}",4.77,Platinum,1
0e24dc55-3fd8-49b8-86b2-9ebfb06ba012,2025-11-22T00:21:30.922372+00:00,{UberX},4.78,Blue,0
67aefb0f-334d-4b3b-a780-aa0394c05b93,2025-11-14T20:13:18.922372+00:00,{UberX},4.65,Blue,1
5bd91519-5599-4265-9383-32b9d5406657,2025-12-06T21:03:20.922372+00:00,"{UberX,Comfort,Electric}",4.76,Gold,0
3df00937-855a-4ff8-a0ac-ddaf4a6085ce,2025-08-16T07:28:51.922372+00:00,"{UberBlack,Premier,Comfort,UberX}",4.93,Platinum,0
1916aa58-af42-4e89-a7c6-61c9bdfa515e,2025-12-07T13:27:24.922372+00:00,"{UberX,Comfort}",4.98,Platinum,0
46fa1e32-e01f-49a8-b174-94fce035afdd,2025-10-10T00:15:26.922372+00:00,{UberX},4.67,Blue,0
08463b09-3ec4-45b4-8e4b-416ad80298fd,2025-12-22T23:42:55.922372+00:00,"{UberX,Comfort}",4.89,Diamond,0
5cd8c6dd-f2f2-462b-91e2-6bc3490aa9c4,2025-11-10T01:22:00.922372+00:00,{UberX},4.75,Gold,1
c6586eb6-8e54-4238-a2c8-2b56e04f0448,2025-12-13T07:17:49.922372+00:00,{UberX},4.76,Gold,1
a3a67283-1224-4655-9880-3c4e43364bc9,2025-11-02T00:21:24.922372+00:00,"{UberX,Comfort}",4.91,Platinum,0
7d8033b9-d0a8-4a46-ba45-5c1d5646a87a,2025-08-19T15:52:44.922372+00:00,{UberX},4.73,Blue,1
7af975bf-a062-4398-871b-0aebb4ea8621,2025-08-28T00:37:54.922372+00:00,{UberX},4.7,Blue,0
19b3172f-02d8-47fd-bb93-384c204423f9,2025-09-13T22:28:15.922372+00:00,{UberX},4.57,Blue,1
d7ee4eec-d9e2-4698-85c3-c6f540e6018c,2025-11-16T17:28:32.922372+00:00,"{UberX,Comfort,Electric}",4.84,Gold,0
df54962d-b670-4485-a0d5-fa8d6ff779dd,2026-01-04T01:50:46.922372+00:00,"{UberX,Comfort,Electric}",4.8,Gold,1
f6a4ef69-a5b0-4c99-adfa-4861b12c6bf9,2025-10-23T16:41:13.922372+00:00,"{UberX,Comfort,Electric}",4.85,Platinum,1
acdbe607-8989-49f9-ae37-8225aa667c7f,2025-12-19T09:22:49.922372+00:00,{UberX},4.51,Blue,1
53e0e809-bd6e-440a-8c97-ebb06007df11,2025-10-19T18:30:30.922372+00:00,{UberX},4.74,Blue,1
8b145d27-547e-4bbb-86b2-f2c05402879a,2025-10-15T00:06:35.922372+00:00,{UberX},4.76,Blue,0
835d4077-7e0a-460b-9c12-9eba0d0e8219,2025-07-30T22:01:44.922372+00:00,{UberX},4.79,Gold,0
108d7f5f-38ad-4e4d-a9d7-d4e04c1582a3,2025-11-07T14:36:38.922372+00:00,{UberX},4.85,Diamond,1
c4a5eabc-9e1c-4e7e-98c8-759005eb0fc6,2025-09-19T13:25:20.922372+00:00,"{UberX,Comfort,Electric}",4.86,Platinum,0
296db8d6-8a3b-4bae-add9-759a0fd97016,2025-11-25T17:35:09.922372+00:00,{UberX},4.85,Platinum,1
41a37123-66a9-4c29-809d-9f29b374f2cb,2025-08-07T08:21:03.922372+00:00,"{UberX,Comfort,Electric}",4.77,Platinum,0
05a8ba94-f0a6-4abd-8a35-0efaedab13c8,2025-09-02T22:02:38.922372+00:00,"{UberX,Comfort,Electric}",4.8,Gold,0
1ba1a6d8-7368-4de8-8e4b-bbf3e1631767,2025-12-14T13:29:21.922372+00:00,"{UberX,Comfort}",4.9,Platinum,0
6208c4fd-6358-491a-ba8e-b45984938651,2025-12-15T12:26:15.922372+00:00,"{UberX,Comfort}",4.85,Platinum,0
e9cf3185-ed0d-485f-8a8e-343556385359,2025-12-16T03:16:59.922372+00:00,"{UberX,Comfort,Electric}",4.8,Gold,0
4ecfa62e-5ad1-4753-b8bc-0905dfceeb70,2025-07-13T18:23:50.922372+00:00,"{UberX,Comfort}",4.87,Platinum,0
ac000987-0024-4ae9-8a3e-f596ae53ede5,2025-11-29T11:08:43.922372+00:00,"{UberBlack,Premier,Comfort,UberX}",4.99,Platinum,0
7ff57911-c031-4645-be29-007c26726753,2025-09-09T08:34:52.922372+00:00,"{UberX,Comfort}",4.94,Platinum,0
4d0ff9f3-b081-44c2-abe1-8d0e343cd217,2025-09-02T16:58:11.922372+00:00,"{UberX,Comfort}",4.9,Diamond,0
161db5d9-cd9c-494e-b744-b0bde6e5c7a5,2025-10-17T08:45:29.922372+00:00,"{UberBlack,Premier,Comfort,UberX}",4.98,Platinum,0
a7e389a5-09b2-4874-a6e9-fae4c9b037b2,2025-11-12T14:18:43.922372+00:00,"{UberX,Comfort,Electric}",4.83,Gold,0
5d5d7937-9853-4e7c-acdb-413520369b68,2025-10-07T18:40:31.922372+00:00,"{UberX,Comfort}",4.94,Diamond,0
3b06fbc3-0738-45b4-b379-25123a574c98,2025-12-23T15:37:18.922372+00:00,"{UberX,Comfort}",4.88,Platinum,0
522fd68f-2d23-4344-831c-f094288ff32b,2025-11-23T08:01:04.922372+00:00,"{UberX,Comfort}",4.9,Diamond,0
d1031859-5063-4374-b275-292d5e7845a7,2025-11-17T13:42:11.922372+00:00,"{UberX,Comfort}",4.85,Platinum,0
d2b16d61-7d4e-482d-bbf3-ef8754435a0f,2025-11-24T06:51:39.922372+00:00,"{UberX,Comfort,Electric}",4.79,Platinum,0
4caaf5f4-feb9-4a68-b703-1f605e24c4c1,2025-09-19T02:48:13.922372+00:00,"{UberX,Comfort}",4.89,Platinum,1
d0a20e3b-d480-42f1-99ae-fcada7ce8bb8,2025-09-28T05:54:27.922372+00:00,{UberX},4.82,Blue,0
4d17d83f-0288-45eb-99c0-af076f588c5e,2025-12-07T18:38:26.922372+00:00,"{UberBlack,Premier,Comfort,UberX}",4.96,Platinum,0
984bf01e-4152-4f23-96e7-4a7686c0b6e1,2025-09-04T02:01:34.922372+00:00,"{UberX,Comfort}",4.86,Platinum,1
15ccb236-555e-4a8a-a403-ee71cd5126c3,2026-01-04T08:28:05.922372+00:00,"{UberX,Comfort,Electric}",4.81,Platinum,0
ab7988ec-8d92-4c9f-b64e-837c6557b085,2025-12-10T09:40:24.922372+00:00,"{UberX,Comfort}",4.95,Platinum,0
114d0476-4eaf-4c56-bb92-faba63c8a86b,2025-07-31T11:55:29.922372+00:00,"{UberX,Comfort}",4.89,Diamond,0
28ea5539-a4f3-43d5-bd07-2e7df0e78d89,2025-09-23T23:47:22.922372+00:00,{UberX},4.73,Gold,0
670b000a-d87c-4c60-a26f-3824b0987174,2025-09-18T23:42:41.922372+00:00,"{UberBlack,Premier,Comfort,UberX}",5.0,Platinum,0
336da1e5-d358-4b7c-b8d0-7ea8582f52d7,2025-10-03T22:22:32.922372+00:00,{UberX},4.73,Blue,1
5776fbb7-5e55-4278-a392-78f9955a1ce0,2025-08-06T11:59:10.922372+00:00,{UberX},4.79,Blue,1
9026634a-61e2-4a01-bc86-360837f9c684,2025-10-04T20:35:21.922372+00:00,"{UberBlack,Premier,Comfort,UberX}",4.99,Platinum,0
d5ae7f2b-23ae-43a2-8d8f-5237897b51a3,2025-08-20T01:24:22.922372+00:00,"{UberX,Comfort}",4.88,Diamond,0
268c994e-1630-45c9-9d7f-4f284200e94e,2025-09-04T07:12:56.922372+00:00,{UberX},4.84,Blue,1
e6557a21-7106-499b-b100-19a94576ef9b,2025-11-25T18:13:25.922372+00:00,"{UberX,Comfort}",4.93,Platinum,0
26c3d5c2-a744-454b-8d4e-125fe2cb5f9b,2025-08-26T12:22:24.922372+00:00,"{UberX,Comfort}",4.91,Diamond,0
59e15735-a6fa-4b5a-8e7a-da94c6a5e8f7,2025-12-17T21:59:28.922372+00:00,{UberX},4.79,Gold,1
513558b2-d76e-4b45-9192-467903dc79af,2025-09-01T08:39:08.922372+00:00,{UberX},4.84,Blue,1
394544b3-a78a-423f-9a4c-0ca38b947849,2025-07-22T20:18:56.922372+00:00,"{UberX,Comfort,Electric}",4.76,Platinum,0
b5216515-8019-4bbc-bfd6-ef4271b0f789,2025-11-14T18:23:13.922372+00:00,"{UberBlack,Premier,Comfort,UberX}",4.99,Diamond,0
133eaf47-194f-4dc7-960c-0f48538374db,2025-09-11T15:55:11.922372+00:00,"{UberBlack,Premier,Comfort,UberX}",4.98,Platinum,0
dd32a602-701e-4819-9ca8-c1d6f89650ef,2025-10-22T02:03:26.922372+00:00,{UberX},4.78,Blue,0
563d9d07-67bc-49f9-81c2-9f8b43361d5b,2025-09-25T19:43:05.922372+00:00,{UberX},4.81,Gold,1
d0b0fbb1-5ccf-4ea4-84d4-b3c47ca2f595,2025-11-26T19:59:44.922372+00:00,"{UberX,Comfort,Electric}",4.84,Platinum,0
6220a526-c76a-4760-b2e6-5e8bfadcdc37,2025-08-31T00:29:53.922372+00:00,"{UberBlack,Premier,Comfort,UberX}",4.97,Platinum,0
9a85556c-a423-49af-bbba-fc6ef47ece0e,2025-11-09T21:23:22.922372+00:00,"{UberX,Comfort}",4.95,Diamond,0
96116cc6-e3ad-4c23-a528-5a60dc89a552,2025-12-21T12:27:42.922372+00:00,"{UberBlack,Premier,Comfort,UberX}",4.9,Platinum,0
127b0242-dfc5-4e02-9eb9-a8697c6a808f,2025-11-30T03:59:37.922372+00:00,{UberX},4.73,Gold,0
f3d900ed-ca38-4fd5-b87e-d72650a38c35,2025-10-08T05:21:09.922372+00:00,{UberX},4.8,Gold,1
08a41f65-a2f9-4675-b37e-08a8eca6df83,2025-07-30T21:18:30.922372+00:00,{UberX},4.7,Blue,0
3fca6125-23ae-4879-8aa4-04d3c57d387e,2025-11-28T20:01:13.922372+00:00,"{UberX,Comfort,Electric}",4.86,Diamond,1
33a91785-fa1e-4e54-87e8-bac2384ae40e,2025-07-23T00:53:42.922372+00:00,{UberX},4.76,Blue,0
9208ce28-a744-48fa-903d-8582366e2cd7,2025-10-31T19:05:49.922372+00:00,"{UberX,Comfort}",4.98,Platinum,0
5760f366-7f4a-4b20-9ecb-f576e3d0e664,2025-07-24T10:47:32.922372+00:00,"{UberX,Comfort}",4.98,Platinum,0
9583b574-d982-4d22-a506-6caa82adf315,2026-01-01T19:28:42.922372+00:00,"{UberX,Comfort,Electric}",4.79,Gold,1
5f406451-e661-43f2-8739-09a07ac4eb73,2025-12-20T11:05:21.922372+00:00,"{UberX,Comfort,Electric}",4.84,Platinum,0
c111258f-1385-472d-912c-4a4679767af8,2025-12-13T22:38:15.922372+00:00,"{UberX,Comfort,Electric}",4.81,Gold,1
1f46817d-ef51-4a9f-b3f5-6f05f8af78db,2025-11-23T07:30:21.922372+00:00,"{UberX,Comfort,Electric}",4.86,Platinum,0
e9f0793b-590e-46bf-a8ed-1963eda82ede,2025-11-20T01:20:01.922372+00:00,"{UberX,Comfort,Electric}",4.87,Platinum,0
9eecd899-8df1-4cf3-b62b-b271ba6e605f,2025-11-13T04:29:45.922372+00:00,"{UberBlack,Premier,Comfort,UberX}",4.97,Diamond,0
f3adfe21-0f51-4482-b026-1d26ee8e5b2d,2025-07-31T05:20:43.922372+00:00,"{UberX,Comfort,Electric}",4.78,Gold,0
2eac3fa3-3ed8-4441-af58-524a2c5fffc0,2025-10-04T03:14:46.922372+00:00,"{UberX,Comfort,Electric}",4.76,Gold,0
c25d7522-62b6-49dc-9289-ed60a063afa4,2025-10-04T23:28:46.922372+00:00,{UberX},4.83,Blue,0
f7a42fb9-8f8d-437c-b205-0b99fbf09719,2025-12-31T23:37:14.922372+00:00,{UberX},4.69,Blue,1
c1c748dd-6cc1-4152-a94d-77b39b823572,2025-11-21T04:13:11.922372+00:00,{UberX},4.83,Blue,1
b8de0658-d057-4db0-a52d-c7133fb3647a,2025-10-03T14:40:52.922372+00:00,"{UberX,Comfort}",4.87,Platinum,0
0276c523-1a17-4a23-bf26-d89ea2bcd05f,2025-09-24T13:01:21.922372+00:00,{UberX},4.79,Gold,0
049a3557-2ba6-4357-a0c9-f8ecf30574b6,2025-12-05T16:03:56.922372+00:00,"{UberX,Comfort,Electric}",4.89,Diamond,0
4a4de502-7a2d-42a6-8757-75154d7b9c24,2025-08-28T11:06:22.922372+00:00,{UberX},4.75,Gold,1
dbc16a08-5846-45e1-b2bb-a6018ab7a373,2025-09-21T10:51:57.922372+00:00,"{UberX,Comfort,Electric}",4.87,Diamond,1
d8c2ff11-3787-4421-8dc8-20ceb6f41576,2025-12-11T06:57:11.922372+00:00,{UberX},4.73,Blue,1
cf1120bc-e151-403d-9f01-e3e54b694dee,2025-10-16T16:41:02.922372+00:00,"{UberX,Comfort}",4.95,Diamond,0
00f44cf8-70e9-426d-a73e-b1eaba3f6acd,2025-11-27T09:19:29.922372+00:00,{UberX},4.79,Blue,1
15d4b000-5121-46e4-ab54-9b74509aab95,2025-09-02T16:01:41.922372+00:00,"{UberX,Comfort,Electric}",4.85,Diamond,0
1ec9eee0-a4a1-4d94-9f8e-9528c11d2c0d,2025-11-22T18:39:43.922372+00:00,"{UberBlack,Premier,Comfort,UberX}",4.98,Diamond,1
f4aa7493-18f1-4f1a-8622-26d817fd334e,2025-10-31T18:01:23.922372+00:00,"{UberBlack,Premier,Comfort,UberX}",4.92,Diamond,0
5503bae7-c1bf-454d-a82c-be54d63dfdd8,2025-09-14T05:17:01.922372+00:00,{UberX},4.81,Blue,1
5f3f2e6f-b121-4202-ace0-90e65247f272,2025-10-30T01:09:00.922372+00:00,"{UberX,Comfort,Electric}",4.76,Platinum,0
cae71083-0620-491a-8721-679ec8a86a43,2025-08-02T12:19:16.922372+00:00,{UberX},4.77,Blue,1
debc1203-dd4a-41c3-b582-099168134189,2025-08-25T03:18:10.922372+00:00,"{UberX,Comfort,Electric}",4.77,Gold,1
8d745d88-2954-433e-b36b-699cb0c235c2,2025-10-30T20:32:45.922372+00:00,"{UberBlack,Premier,Comfort,UberX}",4.94,Platinum,0
33e2ebaa-9230-410a-898d-f18b0cb3f2c6,2025-12-09T07:20:54.922372+00:00,"{UberBlack,Premier,Comfort,UberX}",4.99,Diamond,0
d638c34a-ecfe-46d9-aeea-e0d600f2d6f1,2025-10-05T05:49:36.922372+00:00,{UberX},4.83,Blue,1
ad67374b-6f27-42b4-a90d-051272217535,2025-10-31T02:01:09.922372+00:00,"{UberX,Comfort}",4.92,Platinum,0
56824c6a-a728-4574-abcf-fe4b19750332,2025-11-28T10:40:06.922372+00:00,"{UberX,Comfort,Electric}",4.86,Diamond,0
d7cf2c90-be54-4185-b038-90977bcaeead,2026-01-01T11:34:01.922372+00:00,"{UberBlack,Premier,Comfort,UberX}",4.92,Diamond,0
1c116fe1-f918-41e0-a2f0-52abc4a1dbfe,2025-12-22T18:41:10.922372+00:00,"{UberX,Comfort}",4.95,Diamond,0
bb7092cb-84a6-4733-b504-d387e5dc641c,2025-11-10T06:23:21.922372+00:00,"{UberBlack,Premier,Comfort,UberX}",4.97,Diamond,0
4985b61d-08ae-4339-a515-d31245e167db,2025-12-24T04:20:34.922372+00:00,"{UberX,Comfort,Electric}",4.89,Platinum,0
ef56845d-b568-41b9-8522-7de69ca0437c,2025-09-02T10:44:42.922372+00:00,"{UberBlack,Premier,Comfort,UberX}",4.93,Platinum,0
82a0e707-c2b0-424a-8b00-b9410f4080d6,2025-07-19T22:01:29.922372+00:00,{UberX},4.72,Blue,1
98cb3b7f-1fb5-4271-ae1e-04fbc92f5a6a,2025-07-21T09:51:21.922372+00:00,"{UberBlack,Premier,Comfort,UberX}",4.93,Diamond,0
0e2967b0-92d5-4ff4-a3a8-2f355037fde8,2025-12-09T23:19:28.922372+00:00,{UberX},4.77,Gold,0
0cecb071-51b2-4e26-97b6-e97a4367c403,2025-09-12T00:59:37.922372+00:00,{UberX},4.75,Blue,0
ebe8bd9c-5a4f-40b5-a1aa-19369b398bc6,2025-07-18T22:58:58.922372+00:00,"{UberX,Comfort,Electric}",4.9,Platinum,0
6fa22b7b-5ef5-4328-b665-c9fc4e0ab2d2,2025-12-08T12:12:19.922372+00:00,"{UberX,Comfort}",4.97,Platinum,0
6d88350a-68bf-4977-9733-ce6568140556,2026-01-04T14:49:52.922372+00:00,"{UberX,Comfort,Electric}",4.76,Platinum,0
b1ac3397-e3d5-4c86-a639-135fe21a152a,2025-10-05T08:25:45.922372+00:00,{UberX},4.77,Blue,1
2402d314-8207-4228-aeb1-f77a52ce90e3,2025-08-21T15:22:53.922372+00:00,"{UberX,Comfort,Electric}",4.87,Platinum,0
1becfadf-dca9-4180-bd5b-8e1b35ed95f3,2025-12-03T09:04:15.922372+00:00,{UberX},4.85,Diamond,0
6f2d4f71-3fa8-42d1-8caf-b8d1ec27ff27,2025-11-23T11:39:12.922372+00:00,{UberX},4.79,Blue,1
9659ae80-afb5-4599-9123-01a627161f4d,2025-07-08T22:57:45.922372+00:00,"{UberX,Comfort}",4.94,Platinum,0
d780652f-bf3d-4ac4-b215-3aea32c7a59a,2025-11-09T07:03:56.922372+00:00,"{UberX,Comfort,Electric}",4.8,Gold,0
2e9968d9-35dc-43cb-9e2a-88e0e093c5cf,2025-09-05T05:42:08.922372+00:00,"{UberX,Comfort,Electric}",4.89,Platinum,1
ee004102-aab4-4f9d-ac12-482c3b7ef7bb,2025-12-12T17:45:02.922372+00:00,"{UberBlack,Premier,Comfort,UberX}",4.95,Platinum,0
6effb373-2171-48ab-b3f7-f3051442ff65,2025-09-18T21:11:26.922372+00:00,{UberX},4.71,Gold,1
973d74e8-0bf0-4d83-b15e-8b82a4c93c30,2025-08-27T20:39:53.922372+00:00,"{UberX,Comfort,Electric}",4.76,Platinum,0
f88c935d-c608-4d30-a82a-617de4d93439,2025-11-24T14:33:40.922372+00:00,{UberX},4.85,Platinum,0
69adab49-eccb-4721-83a8-19371d61f76f,2025-12-03T01:12:21.922372+00:00,{UberX},4.76,Blue,1
47b24968-df8c-4670-a6cb-fcc0f11356a4,2025-09-13T05:55:45.922372+00:00,{UberX},4.77,Blue,0
dbc9ccee-5151-47e9-bba3-d987e1e5f037,2025-07-11T16:48:41.922372+00:00,{UberX},4.63,Blue,1
9925c8fa-9d6c-492c-8910-ffea984ff6f0,2025-11-08T21:32:08.922372+00:00,"{UberX,Comfort,Electric}",4.88,Platinum,0
f5c33fd1-d0c2-4cb9-9c5a-516765944a42,2025-07-22T11:28:12.922372+00:00,"{UberX,Comfort}",4.92,Platinum,0
57802e08-b0dd-4328-b962-d2e5ea91daeb,2025-11-07T04:25:26.922372+00:00,"{UberX,Comfort}",4.94,Platinum,0
f4cb9994-1ca5-4a7c-818e-21faf975c19a,2025-12-06T06:29:36.922372+00:00,"{UberX,Comfort}",4.96,Diamond,0
c8d74f1c-29f7-470a-9997-f024fd01645c,2025-12-22T20:27:16.922372+00:00,{UberX},4.84,Blue,0
10d4ee9f-dd09-4592-96dc-bd2e33234415,2025-12-04T04:19:08.922372+00:00,"{UberX,Comfort,Electric}",4.83,Gold,1
22268368-4e28-4b2a-9be5-6a7796aedbb9,2025-08-31T20:43:02.922372+00:00,"{UberX,Comfort}",4.89,Diamond,0
bc19f52d-33f0-4535-9174-3c4063469dd5,2025-07-23T05:27:33.922372+00:00,"{UberBlack,Premier,Comfort,UberX}",4.97,Platinum,0
eba58e10-230a-48aa-8228-1dbf184518de,2025-12-23T12:55:28.922372+00:00,"{UberX,Comfort}",4.87,Platinum,0
0da13d0b-b90a-4232-9eaa-ccf59de17787,2025-09-04T21:18:08.922372+00:00,"{UberX,Comfort}",4.9,Platinum,0
716c0096-af28-43e6-8df5-549b1abed1e7,2025-08-13T03:47:17.922372+00:00,{UberX},4.85,Diamond,1
c7691dcf-4fc2-41e3-831c-fba2dc05dbab,2025-07-30T18:00:01.922372+00:00,{UberX},4.85,Platinum,1
7f13be04-dfb9-41b4-939d-e5f3258127ad,2025-10-29T04:27:10.922372+00:00,"{UberBlack,Premier,Comfort,UberX}",4.92,Diamond,0
ec1e9890-866b-4e96-834b-ad04ba5f6eb5,2025-09-24T13:46:12.922372+00:00,"{UberX,Comfort,Electric}",4.87,Diamond,0
78102b05-4997-49a5-90e7-c5e4ec913d2f,2025-08-31T03:01:44.922372+00:00,"{UberBlack,Premier,Comfort,UberX}",5.0,Platinum,0
43add0dd-a095-47ec-83b3-fd333b490904,2025-10-19T04:29:53.922372+00:00,{UberX},4.84,Gold,0
ad7d3cb2-b2f9-4328-ae2e-74af2acad9b7,2025-08-06T04:30:09.922372+00:00,{UberX},4.82,Gold,1
9524ed60-0045-461d-bdd2-d2559493287f,2025-10-11T12:28:54.922372+00:00,{UberX},4.79,Gold,1
02065849-b37b-4a67-b378-a8263300bd85,2025-10-06T04:23:55.922372+00:00,{UberX},4.53,Blue,1
e1d0c35c-66cb-49fe-be98-3b537f3577d5,2025-11-14T03:57:55.922372+00:00,{UberX},4.59,Blue,1
a32be73e-5cea-40cc-a87e-0f4a750c7d2e,2025-09-09T09:14:06.922372+00:00,{UberX},4.8,Gold,1
4f2ad0c4-eb24-43d5-a69b-15818c12944b,2025-08-29T21:59:18.922372+00:00,"{UberX,Comfort,Electric}",4.85,Diamond,0
745fe02e-8627-42d0-b974-c55a633d90ec,2025-12-31T07:43:33.922372+00:00,"{UberX,Comfort,Electric}",4.8,Platinum,0
72026e25-534f-491d-97ed-5dcde43cd989,2025-10-17T19:22:24.922372+00:00,"{UberX,Comfort}",4.9,Diamond,0
d22460ef-95af-4d92-a14e-d6b87365d71c,2025-07-14T15:27:01.922372+00:00,"{UberX,Comfort,Electric}",4.78,Platinum,0
c3738f99-f276-4f37-8f17-2443f4e9beec,2025-11-13T04:02:04.922372+00:00,"{UberX,Comfort,Electric}",4.82,Platinum,0
0ba805cf-6d39-4f37-ad89-2646fb9e94a3,2025-09-03T14:41:35.922372+00:00,{UberX},4.85,Platinum,1
e310c27f-6721-4f17-b2cc-3bb45d832f46,2025-12-16T12:06:14.922372+00:00,"{UberX,Comfort,Electric}",4.88,Diamond,0
2b41e620-2009-4e2e-9722-c684dac415d4,2025-10-31T00:45:44.922372+00:00,"{UberX,Comfort,Electric}",4.87,Diamond,0
b09896ca-29d2-49f7-8925-3248afe09cfc,2025-08-28T15:42:00.922372+00:00,"{UberBlack,Premier,Comfort,UberX}",4.93,Platinum,0
6162559c-0727-41bd-aebd-bb0a0a316d3e,2025-07-22T22:11:16.922372+00:00,{UberX},4.85,Diamond,0
d158048b-357a-4eff-91d6-1460fb356b89,2025-09-24T23:47:36.922372+00:00,"{UberX,Comfort,Electric}",4.89,Platinum,0
2ad1cc39-51cd-4bec-98cd-8afe970e2255,2025-11-25T18:37:50.922372+00:00,"{UberX,Comfort,Electric}",4.84,Platinum,0
05746c47-a373-45c1-b4fa-9606fcbb9a75,2025-12-15T04:40:12.922372+00:00,"{UberBlack,Premier,Comfort,UberX}",4.97,Platinum,0
44138c34-caa1-44e2-9ab3-c6d0457a073f,2025-11-17T08:50:19.922372+00:00,{UberX},4.79,Blue,1
0a056d6b-cc35-48b7-b978-3499c0e9f984,2025-11-30T21:34:19.922372+00:00,"{UberX,Comfort,Electric}",4.83,Gold,1
4911ce52-9877-4ad6-8c4f-c8b578edfb13,2025-09-13T16:19:37.922372+00:00,"{UberX,Comfort,Electric}",4.8,Gold,0
1e24b8fc-d135-4fec-9a8d-2b4026c3d0be,2025-10-24T03:15:53.922372+00:00,"{UberX,Comfort}",4.87,Platinum,0
463b6d6f-a73d-4233-8860-164cfeebd5ce,2025-12-15T22:02:18.922372+00:00,{UberX},4.65,Blue,1
d900d391-fbd8-40d1-b1cc-2c8f9a7e5a67,2025-09-30T19:43:36.922372+00:00,{UberX},4.82,Gold,1
4bbfc087-faf4-48cb-a3e5-4807b805650f,2025-11-27T11:53:57.922372+00:00,"{UberX,Comfort,Electric}",4.86,Platinum,1
040a865b-42db-435a-9ec0-3c37450443ce,2025-09-30T05:50:13.922372+00:00,"{UberX,Comfort,Electric}",4.87,Platinum,0
ee7730e0-503a-42a3-a50f-d624100e02be,2025-11-30T16:37:56.922372+00:00,{UberX},4.77,Gold,0
d0212375-1d85-4e89-aa35-9ac3baf05347,2025-10-08T13:53:21.922372+00:00,{UberX},4.51,Blue,1
1dd9040e-10fe-467e-8588-87d6d87bbb44,2025-12-07T01:10:36.922372+00:00,"{UberX,Comfort,Electric}",4.89,Diamond,0
265e60d5-16ba-4dcc-9f12-50da62fddf16,2025-07-24T06:20:57.922372+00:00,"{UberX,Comfort,Electric}",4.85,Diamond,0
1ee24d01-5fd7-4bb4-a5ad-a9d84ef6a062,2025-10-30T08:55:29.922372+00:00,{UberX},4.74,Blue,0
8f43df6c-7c4d-44e1-9e71-4e829cca89c9,2025-11-21T11:49:59.922372+00:00,"{UberX,Comfort,Electric}",4.85,Platinum,1
751bdff2-70e2-493d-ad82-b14e52eec62a,2025-08-09T20:27:15.922372+00:00,"{UberX,Comfort,Electric}",4.83,Platinum,0
3928d9d0-53c1-4add-990b-e5f0904f2b6a,2025-09-09T06:31:31.922372+00:00,{UberX},4.53,Blue,1
eca0c8c7-f8a5-46dc-8b64-d354da143d63,2025-07-31T06:50:21.922372+00:00,"{UberBlack,Premier,Comfort,UberX}",4.97,Diamond,0
25e4b03f-fc45-410d-be93-19d214747135,2025-07-13T18:43:00.922372+00:00,"{UberX,Comfort,Electric}",4.79,Gold,0
3a4804bb-e442-427a-ac74-2300a3eed961,2025-09-17T11:58:04.922372+00:00,{UberX},4.7,Blue,1
dbf84daa-a344-432f-858a-b3bea53ecc55,2025-09-26T11:48:22.922372+00:00,"{UberX,Comfort,Electric}",4.89,Platinum,1
5ad43c53-af2f-4308-a6f8-c3489e8b74b5,2025-09-09T00:35:37.922372+00:00,"{UberX,Comfort}",4.93,Platinum,0
ca2f1e7f-55b8-4b75-b972-0b88c4842aeb,2025-08-04T07:21:23.922372+00:00,"{UberBlack,Premier,Comfort,UberX}",4.91,Diamond,0
245d91f6-08c1-4035-9d5b-2c1949161e09,2025-12-09T17:22:43.922372+00:00,"{UberX,Comfort,Electric}",4.86,Diamond,0
a706b3a4-4081-4f73-919a-b7ec63f302bb,2025-09-08T12:37:33.922372+00:00,{UberX},4.54,Blue,1
f3ca7721-e699-40af-9057-400233732e82,2025-10-16T13:43:56.922372+00:00,"{UberBlack,Premier,Comfort,UberX}",4.95,Platinum,0
fadc4ba5-a914-4772-a0f6-70baaeeb9afd,2025-08-01T15:52:38.922372+00:00,"{UberX,Comfort}",4.96,Diamond,0
7d3874b7-0105-488c-ad49-3532c19492ad,2025-09-21T10:52:48.922372+00:00,"{UberX,Comfort}",4.85,Platinum,0
88f30091-ca3d-4b89-b9d2-34efeade7e32,2025-11-21T22:52:08.922372+00:00,"{UberX,Comfort}",4.92,Diamond,0
96a7c788-8902-4be9-bdb8-b4d587d0c33a,2025-12-09T10:45:55.922372+00:00,"{UberX,Comfort,Electric}",4.77,Gold,0
29af4fda-cab7-458a-9032-0919c61f8e7a,2025-12-27T13:26:56.922372+00:00,"{UberBlack,Premier,Comfort,UberX}",4.97,Diamond,0
41232b6f-f56e-4fd4-b9f2-f7e51302a160,2025-08-04T19:25:19.922372+00:00,{UberX},4.67,Blue,1
eb119001-0637-45af-8e94-a18bb2a28b6f,2025-12-11T07:15:07.922372+00:00,"{UberX,Comfort}",4.92,Diamond,0
53e57e3f-18b0-495a-8234-c0360a8c68eb,2025-10-05T08:14:59.922372+00:00,"{UberX,Comfort}",4.95,Diamond,0
d72f49a4-a208-4597-b9b9-0da75f09d661,2025-10-21T03:13:41.922372+00:00,"{UberX,Comfort,Electric}",4.86,Diamond,0
bbe95b43-dfcf-49fb-9c04-f93450b967a4,2025-09-09T08:18:16.922372+00:00,"{UberX,Comfort,Electric}",4.88,Diamond,1
03e4d8e0-e054-48b3-bc7f-2661df25b49e,2025-12-31T22:29:01.922372+00:00,{UberX},4.81,Blue,0
d9f6a667-a6ba-430b-b5ae-e7dff1486a33,2025-09-16T22:17:40.922372+00:00,"{UberX,Comfort,Electric}",4.77,Gold,1
a33c4d7d-5195-455a-9c34-e8e79df35fe3,2025-12-13T15:00:02.922372+00:00,"{UberX,Comfort}",4.88,Diamond,0
8c7f9fc0-1d91-4ce2-ba03-0258be42d85f,2025-12-03T17:33:09.922372+00:00,"{UberX,Comfort}",4.96,Platinum,0
3ae31bef-e4c3-42c4-a19c-3021bd09aca8,2025-09-28T02:59:37.922372+00:00,"{UberX,Comfort,Electric}",4.75,Gold,0
b2a7e167-c18c-4ac0-9f87-1c9b1938d17d,2025-10-22T02:14:15.922372+00:00,"{UberX,Comfort,Electric}",4.83,Platinum,0
d8903c0f-ff25-4d6a-8c8f-032d9cff6840,2025-11-20T13:55:17.922372+00:00,{UberX},4.79,Gold,1
3de27cff-40fd-4d00-8cbe-cdeee76df569,2025-12-31T02:25:47.922372+00:00,{UberX},4.81,Gold,0
b179d989-b14a-43d2-ba2e-750de48a4a38,2025-10-25T14:39:22.922372+00:00,"{UberX,Comfort}",4.85,Platinum,0
786925f1-af53-4574-91fa-2fee145ad454,2025-11-13T05:55:27.922372+00:00,{UberX},4.82,Gold,1
1eb18734-7449-4fc7-b810-96c588eb258b,2025-08-07T02:58:17.922372+00:00,{UberX},4.85,Platinum,0
7dcbbec4-7e64-4534-b113-3a451c09dd85,2025-10-05T10:30:07.922372+00:00,{UberX},4.72,Blue,1
a9a9297f-0bd0-4094-ad76-b3aaa1871c85,2025-11-26T18:39:58.922372+00:00,{UberX},4.83,Blue,0
8eeea586-8457-4f9e-8ac4-0aab63e26f1e,2025-07-21T18:29:05.922372+00:00,{UberX},4.71,Gold,0
f200d146-6297-4852-977d-fdf8c9eac85e,2025-09-08T05:17:28.922372+00:00,"{UberX,Comfort}",4.95,Platinum,0
2f7e4f5d-f0e6-4db8-8c90-082cb537aa33,2025-07-16T21:20:57.922372+00:00,"{UberX,Comfort}",4.93,Platinum,0
482e6a97-a109-40bd-8e66-1ac4afbb207d,2025-10-24T18:29:08.922372+00:00,"{UberX,Comfort,Electric}",4.77,Gold,0
c5aa3649-b617-4118-a44d-95faba09f90a,2025-09-19T05:47:30.922372+00:00,{UberX},4.78,Blue,0
e32e4f88-d4d3-4c19-a95e-5cc76a25b188,2025-12-02T02:33:20.922372+00:00,"{UberX,Comfort}",4.86,Platinum,0
22265a3b-9670-437e-9104-84c222a52ade,2025-12-17T14:52:09.922372+00:00,{UberX},4.61,Blue,1
e05285c3-ffa1-4312-9255-ed14436d4ad7,2025-10-25T14:07:04.922372+00:00,"{UberX,Comfort,Electric}",4.89,Platinum,0
5a84ed32-920f-4d09-8801-7edaec60541e,2025-07-12T05:51:56.922372+00:00,"{UberX,Comfort,Electric}",4.83,Platinum,0
a3e1602b-8294-4e84-b28c-c0446595b926,2025-12-10T11:23:31.922372+00:00,"{UberX,Comfort,Electric}",4.81,Platinum,0
916f6954-9aa5-4092-a7bf-94fc0b2917db,2025-10-07T10:20:22.922372+00:00,"{UberX,Comfort,Electric}",4.79,Platinum,0
bdfdc711-90a1-43da-a9ba-9afae5e3d4f1,2025-10-13T19:14:44.922372+00:00,{UberX},4.78,Blue,0
b4b6a0fd-ada5-45fa-82ac-d11ffb46f475,2025-07-20T02:24:22.922372+00:00,"{UberBlack,Premier,Comfort,UberX}",4.93,Diamond,0
7ccf6b2d-ef29-4f90-8e27-31b2761e78e7,2025-12-30T01:00:34.922372+00:00,{UberX},4.75,Blue,0
0c121d6d-c12e-423b-91c9-0e350552a60a,2025-09-21T04:56:52.922372+00:00,"{UberX,Comfort,Electric}",4.79,Gold,0
0e08723f-d31f-44c6-bcc4-df0538bad84e,2025-08-28T08:23:51.922372+00:00,"{UberX,Comfort}",4.85,Platinum,0
90e65d8a-4602-4a0a-b8db-3f9c2d706ae7,2025-10-26T18:31:46.922372+00:00,{UberX},4.71,Gold,1
42693ed8-f00a-4123-89ef-38feee649bd0,2025-10-05T06:45:22.922372+00:00,{UberX},4.77,Blue,0
1e7206cd-f6a3-46b9-ba68-6f4a44c0e91e,2025-11-26T23:56:09.922372+00:00,"{UberX,Comfort,Electric}",4.9,Diamond,1
bf59f9ee-0c3f-47b6-801e-bd3bdc818f25,2025-09-19T09:23:25.922372+00:00,{UberX},4.73,Blue,0
053bcc48-5194-4a2c-90aa-7bb0f3c64171,2025-09-01T18:57:24.922372+00:00,{UberX},4.72,Gold,1
7588148f-6968-4846-99bc-b7190e57765b,2025-08-17T17:17:25.922372+00:00,{UberX},4.8,Blue,0
da742cad-d0ea-4f30-b242-b49655f4e76c,2025-12-14T11:45:32.922372+00:00,"{UberX,Comfort}",4.98,Platinum,0
2e764458-c3b1-42f4-8398-1fc52ba4cba2,2025-08-21T05:09:54.922372+00:00,"{UberBlack,Premier,Comfort,UberX}",4.93,Platinum,0
8e857336-f21a-4608-9796-f0725f601429,2025-11-01T06:42:33.922372+00:00,"{UberBlack,Premier,Comfort,UberX}",4.99,Diamond,0
02b0e0be-e674-4a89-ba35-51b11811eafc,2025-11-02T06:25:08.922372+00:00,"{UberX,Comfort}",4.9,Platinum,0
e0ea9e1c-3aee-47bc-af09-6b03ebbcb06a,2025-07-27T05:44:11.922372+00:00,"{UberX,Comfort}",4.94,Platinum,0
2add06fe-8517-4e8c-8aa5-b019c339e333,2025-10-17T13:53:17.922372+00:00,"{UberX,Comfort}",4.89,Platinum,1
81c4542d-6536-4ef4-a5f0-adef081e587e,2025-10-12T14:06:57.922372+00:00,"{UberX,Comfort}",4.94,Platinum,0
5b75971e-9464-4932-aa3c-e19fe3df3022,2025-07-15T04:35:24.922372+00:00,"{UberX,Comfort,Electric}",4.84,Gold,0
e84a259c-900e-4084-8932-e2013dcde196,2025-07-26T16:56:00.922372+00:00,"{UberBlack,Premier,Comfort,UberX}",4.9,Diamond,0
9c35412f-3e9a-4f07-b26f-3630f8a07247,2025-08-19T19:25:57.922372+00:00,"{UberBlack,Premier,Comfort,UberX}",4.96,Platinum,0
df27a075-6ec5-4d82-a027-54c946ebf8b4,2025-09-11T23:48:00.922372+00:00,{UberX},4.59,Blue,1
41c093bd-a1f8-4e01-99a5-bbb3051fe668,2025-11-22T14:20:00.922372+00:00,"{UberX,Comfort,Electric}",4.83,Platinum,0
07361acc-4dc9-4e1a-b34f-0e88d71644af,2025-11-29T00:57:35.922372+00:00,"{UberX,Comfort}",4.91,Platinum,0
4232cd89-78fe-46f4-876c-d027b57a7d6f,2025-11-01T13:26:16.922372+00:00,"{UberX,Comfort,Electric}",4.87,Diamond,0
fd3da9f8-9b04-4ffb-b440-1bbe59fba5d9,2025-12-08T19:15:53.922372+00:00,"{UberX,Comfort}",4.95,Diamond,0
8fdfcf9d-ba2e-48ce-9656-ec4e72bf19ea,2025-10-05T15:37:13.922372+00:00,"{UberBlack,Premier,Comfort,UberX}",4.94,Diamond,0
31fc119d-d5d8-4609-9b56-b3148f48124c,2025-10-09T17:44:44.922372+00:00,"{UberX,Comfort,Electric}",4.82,Platinum,0
21afd9ea-4403-439c-8f20-56820b838497,2025-11-15T15:13:37.922372+00:00,"{UberBlack,Premier,Comfort,UberX}",4.99,Platinum,0
40d103c3-c8ee-47cd-83e2-b0f3025219f7,2025-10-07T06:36:47.922372+00:00,"{UberX,Comfort}",4.92,Platinum,0
75e4a8ba-212e-434a-a8b8-a33fd22d3280,2025-09-26T22:42:12.922372+00:00,{UberX},4.79,Gold,1
be440f74-0370-4878-8530-5125b32de6f6,2025-11-21T13:55:19.922372+00:00,"{UberX,Comfort}",4.94,Diamond,0
fe14794a-3a54-495f-9deb-09be350c5e5f,2025-07-12T09:40:07.922372+00:00,"{UberX,Comfort,Electric}",4.85,Diamond,0
cfcf5849-c59c-4f49-aa86-452823f59593,2025-08-29T23:43:29.922372+00:00,{UberX},4.56,Blue,1
2054a0af-320a-42c4-864d-08baed108a44,2025-11-27T02:30:27.922372+00:00,"{UberX,Comfort,Electric}",4.89,Platinum,0
f097c9ed-45c9-4ea3-957a-689b6f52c12b,2025-09-23T15:06:56.922372+00:00,{UberX},4.74,Blue,1
419f46fe-8a09-488d-82f5-426d62a6c6c0,2025-11-22T19:32:26.922372+00:00,"{UberX,Comfort,Electric}",4.89,Diamond,0
503d3257-754b-4533-84ee-90750c3ad94f,2025-12-16T05:17:12.922372+00:00,"{UberBlack,Premier,Comfort,UberX}",4.95,Platinum,0
bcd5c20d-ac92-4c2e-8768-c74d9259e830,2025-07-19T00:52:35.922372+00:00,"{UberX,Comfort,Electric}",4.77,Gold,1
c39260a0-26ef-484b-994b-57fcd9aea2cb,2025-07-29T09:19:04.922372+00:00,"{UberBlack,Premier,Comfort,UberX}",4.98,Platinum,0
dd73f145-19fa-4d04-8870-21440eddd7d2,2025-09-01T20:37:35.922372+00:00,"{UberX,Comfort,Electric}",4.77,Gold,0
449c4a74-27bd-4063-a268-9c47f99068da,2025-09-11T22:36:39.922372+00:00,{UberX},4.66,Blue,1
774daed9-f2cc-4508-a694-1ca95925b5f6,2025-11-01T12:14:27.922372+00:00,"{UberX,Comfort}",4.93,Diamond,0
677457c0-7dca-4c25-9b60-d77d75ec725c,2025-08-15T04:05:55.922372+00:00,"{UberBlack,Premier,Comfort,UberX}",4.9,Diamond,0
58a1e9ed-69ac-444d-81ce-f71ad5ed0428,2025-09-26T05:56:30.922372+00:00,"{UberX,Comfort}",4.87,Platinum,0
11972954-0a94-477a-b82b-60496e5cc4de,2025-08-07T09:15:52.922372+00:00,"{UberX,Comfort}",4.92,Platinum,0
077edfdc-4e5c-433a-9c7e-c42b770e6323,2025-10-13T19:37:32.922372+00:00,"{UberX,Comfort}",4.94,Diamond,0
5767ad45-299a-4564-9d56-3968177f4d39,2025-08-04T20:23:49.922372+00:00,{UberX},4.56,Blue,1
d2b83a52-2af1-4de7-9197-445fd353f048,2025-12-05T00:14:43.922372+00:00,"{UberX,Comfort}",4.89,Diamond,0
48383997-e566-41de-bc09-66842e5ab80d,2025-08-29T21:21:51.922372+00:00,{UberX},4.74,Gold,1
ebfd5723-b5b6-4add-9e24-8ce532a54502,2025-10-24T06:14:48.922372+00:00,"{UberX,Comfort}",4.91,Diamond,0
0b4d5cda-07f3-4fec-8ba5-505d5230285d,2025-12-08T12:43:22.922372+00:00,"{UberX,Comfort}",4.91,Diamond,0
7543206d-705e-4dea-8c81-6081c1050f35,2025-11-19T00:16:34.922372+00:00,"{UberX,Comfort,Electric}",4.88,Platinum,0
217c7def-2c54-4756-9207-90bb05a92773,2025-09-29T23:02:56.922372+00:00,"{UberX,Comfort}",4.93,Diamond,0
ca6e35de-e803-4540-bb90-ce087523c56f,2025-10-14T04:55:23.922372+00:00,{UberX},4.7,Blue,1
1facf79e-9a51-4a30-af57-1a85e9a3d0ed,2025-12-22T23:48:21.922372+00:00,{UberX},4.75,Gold,1
3b09853c-c8de-41c1-ba0a-483f7e9c21e4,2025-08-19T18:54:27.922372+00:00,"{UberBlack,Premier,Comfort,UberX}",4.94,Diamond,0
a284d8ec-f6f3-4524-96db-04e4b69bf219,2025-09-08T06:27:52.922372+00:00,{UberX},4.72,Gold,0
b023a64c-e190-4459-aa00-f7f0ccccc3aa,2025-07-14T02:21:03.922372+00:00,{UberX},4.67,Blue,1
e8c294a6-9d6b-4043-94cb-85aeedb58c7e,2025-10-12T03:34:18.922372+00:00,"{UberX,Comfort,Electric}",4.88,Diamond,1
711abddd-42eb-4074-a002-e1fdae22534a,2025-10-24T17:28:38.922372+00:00,{UberX},4.76,Blue,1
c9f0b0b5-3ab9-46bd-be90-7ef0959dca71,2025-12-12T03:06:27.922372+00:00,"{UberX,Comfort,Electric}",4.86,Platinum,1
9bddbb63-0882-4da1-bdf5-11e2ca61ac80,2025-09-26T03:05:38.922372+00:00,"{UberBlack,Premier,Comfort,UberX}",4.98,Diamond,1
bb048268-85a6-427c-9978-8d62f888f65c,2025-10-11T18:50:11.922372+00:00,"{UberX,Comfort,Electric}",4.79,Platinum,0
2a62c208-f4f9-427c-b378-11a9dbbe2e89,2025-09-15T21:20:01.922372+00:00,{UberX},4.81,Gold,0
ae158e73-ff09-4d61-9431-e1ef6b9f81f5,2025-12-15T21:40:17.922372+00:00,"{UberX,Comfort}",4.89,Diamond,0
8da094f1-9ad6-4715-a9a5-2e7256b3e566,2025-09-16T21:14:53.922372+00:00,"{UberX,Comfort,Electric}",4.85,Diamond,1
e583e71d-848e-4213-ab6a-8637f6ea7ea9,2025-11-27T08:02:32.922372+00:00,"{UberX,Comfort,Electric}",4.87,Diamond,0
bfa12665-a999-45b1-860c-0e8b608f49be,2025-09-02T13:25:02.922372+00:00,{UberX},4.79,Gold,1
74ca22d6-aa97-4497-ba1f-ae5af274148a,2025-09-18T10:09:20.922372+00:00,{UberX},4.72,Blue,0
1dcdb220-0ef8-4438-acb8-7dbcf74caf63,2025-10-14T07:40:53.922372+00:00,{UberX},4.81,Blue,1
fca8e039-f97e-4300-af8a-343c531211c9,2025-07-18T18:02:04.922372+00:00,{UberX},4.72,Gold,1
ccb8fb57-ab4f-4b97-b3bf-9c4961d42180,2025-08-12T06:35:54.922372+00:00,"{UberBlack,Premier,Comfort,UberX}",4.92,Platinum,0
18079918-91c8-40e6-a2d8-939a859d7323,2025-11-19T18:22:08.922372+00:00,{UberX},4.83,Gold,0
d3cf50fa-1891-4e00-9d91-722100c8022c,2025-11-02T13:37:01.922372+00:00,"{UberX,Comfort,Electric}",4.89,Platinum,1
9b9df96b-37a7-433e-be6d-6afa49c2132c,2025-12-28T12:54:52.922372+00:00,"{UberX,Comfort}",4.96,Platinum,0
f01e169a-ecb6-467d-a3d3-379f010fbd86,2025-12-07T10:53:16.922372+00:00,"{UberX,Comfort}",4.87,Diamond,0
d6eb25aa-2e33-4fa6-84ce-81152cd68fc3,2025-08-19T12:54:16.922372+00:00,{UberX},4.59,Blue,1
63a93072-3b7e-41a2-8812-d31a13fb7e24,2025-12-12T20:07:27.922372+00:00,{UberX},4.83,Blue,1
8f802ec8-2011-4bb5-8bd8-663035eaf844,2025-11-15T06:55:01.922372+00:00,"{UberBlack,Premier,Comfort,UberX}",4.95,Diamond,0
80264730-fca9-4666-b938-c7282e3cbb8c,2026-01-04T20:37:40.922372+00:00,"{UberX,Comfort,Electric}",4.78,Platinum,1
686015a0-7976-4f09-8555-78dc0dfd13cc,2025-12-11T02:07:48.922372+00:00,"{UberX,Comfort,Electric}",4.85,Platinum,0
05515f91-3cef-4c59-a0a6-6bdef45463a2,2026-01-01T07:39:42.922372+00:00,"{UberX,Comfort,Electric}",4.9,Diamond,0
973f734e-604a-4c4a-ad8c-e48f1f56b17a,2025-07-15T23:29:22.922372+00:00,{UberX},4.7,Gold,0
4b0d971d-5832-4960-a143-c365ab4ea15d,2025-12-12T11:16:52.922372+00:00,"{UberX,Comfort,Electric}",4.84,Platinum,0
18cc36f6-318f-4e34-b904-cb3ab247bada,2025-07-14T23:08:44.922372+00:00,"{UberX,Comfort}",4.87,Platinum,0
737648c4-1378-4eb4-9347-0ad3fd85be40,2026-01-02T11:59:32.922372+00:00,"{UberX,Comfort}",4.91,Platinum,0
f34f2cf4-07dc-4b1f-bacd-7bd93c7b5d76,2025-09-17T12:16:58.922372+00:00,"{UberX,Comfort}",4.87,Diamond,0
08c03ec7-f1d7-4044-9ffb-056b7d52ccad,2025-08-05T18:03:07.922372+00:00,"{UberX,Comfort,Electric}",4.78,Platinum,0
7c2a47de-a344-4a5d-8587-c74002f5134d,2025-10-27T08:55:46.922372+00:00,"{UberBlack,Premier,Comfort,UberX}",4.94,Diamond,0
57c21a24-fda7-4071-afa1-d7472315be5c,2025-09-07T22:05:03.922372+00:00,"{UberX,Comfort,Electric}",4.8,Platinum,1
2ff74e43-600b-4ede-aa18-ee7efd9dccd0,2025-11-25T02:58:36.922372+00:00,{UberX},4.79,Blue,1
2b94e0cb-ab92-4eb4-8d6c-07b1b8148cdc,2025-09-22T18:06:56.922372+00:00,"{UberX,Comfort,Electric}",4.75,Platinum,0
854273aa-ea3a-4686-85bf-3c701066bef3,2025-12-18T02:21:13.922372+00:00,"{UberX,Comfort,Electric}",4.85,Diamond,1
1e24803b-31b2-449c-b91b-4d4abb2a76d1,2025-10-11T17:53:27.922372+00:00,"{UberX,Comfort,Electric}",4.9,Platinum,0
2302fc15-5e1d-49eb-8a21-9ff91186d9d3,2025-08-11T06:37:09.922372+00:00,"{UberX,Comfort,Electric}",4.78,Platinum,0
09eb8483-33e6-4526-9d8b-69efe14bacae,2025-10-23T12:24:13.922372+00:00,{UberX},4.68,Blue,1
62e1af7d-7a7b-4f77-b7f0-dfa1f21e5acb,2025-07-20T09:30:14.922372+00:00,"{UberX,Comfort,Electric}",4.86,Diamond,0
7bca4c07-2e43-4704-8ac7-5735009dc80c,2025-09-07T15:42:17.922372+00:00,{UberX},4.61,Blue,1
f95e8974-047a-4b97-a26a-87d1e17047f3,2025-08-14T21:11:17.922372+00:00,{UberX},4.84,Blue,0
fa633ccf-3a1c-4aea-a245-cc97743d5cb4,2025-12-16T11:32:46.922372+00:00,"{UberX,Comfort}",4.95,Diamond,0
23e73f18-f4ab-4298-bd0e-8eb178e650b5,2026-01-02T04:56:26.922372+00:00,{UberX},4.61,Blue,1
3edb74fd-cff8-48e6-a63c-252879a4e1da,2025-12-11T06:52:35.922372+00:00,{UberX},4.85,Platinum,0
eb1a97e6-491b-4467-922f-f7f3fd9260da,2025-08-08T19:04:06.922372+00:00,{UberX},4.79,Gold,1
66593501-8daf-4f7d-b77e-87b42368710e,2025-11-17T11:24:13.922372+00:00,"{UberX,Comfort}",4.92,Diamond,0
f654ca66-da99-4978-a2f5-c697b69300a5,2025-07-10T21:24:19.922372+00:00,"{UberX,Comfort,Electric}",4.9,Platinum,0
70d63040-17cf-4293-8136-5900a4523b54,2025-11-04T05:29:25.922372+00:00,{UberX},4.71,Gold,0
6a74c12c-7071-4ae0-bfb3-4b584fb01052,2025-12-26T11:01:14.922372+00:00,{UberX},4.62,Blue,1
d6b25f0f-5f09-4a95-b5c0-6224f6b2ee2d,2025-09-30T01:34:36.922372+00:00,"{UberX,Comfort,Electric}",4.87,Platinum,0
96798d29-89b9-4fab-a4ac-2daaa2a14061,2025-10-09T03:48:39.922372+00:00,{UberX},4.62,Blue,1
ca8b6b69-0c5e-4753-88c5-d68f564d724f,2025-08-31T02:51:13.922372+00:00,{UberX},4.71,Gold,1
f713ee06-2ec7-4a6c-a7ca-a2ca8f09e637,2025-08-31T10:53:54.922372+00:00,"{UberBlack,Premier,Comfort,UberX}",4.9,Platinum,0
a2216b78-d052-4358-ad6f-9573569520dc,2025-09-19T01:16:39.922372+00:00,"{UberX,Comfort}",4.96,Diamond,0
525fe85e-505b-45c5-8fb7-2444e2ef778c,2025-09-12T04:20:00.922372+00:00,{UberX},4.82,Blue,0
0cb1ff96-f3c0-44a2-9800-ba7f0d1631a1,2025-09-04T18:54:44.922372+00:00,"{UberBlack,Premier,Comfort,UberX}",4.91,Diamond,0
61fc8300-5a76-4eb5-864d-c6f3bd74ab49,2025-10-16T13:32:22.922372+00:00,"{UberX,Comfort}",4.96,Platinum,0
950533fd-407c-4676-b722-f85a0bc89450,2025-08-18T17:08:46.922372+00:00,{UberX},4.77,Gold,1
2aaab036-4089-459c-9668-b1458ae40586,2025-11-19T10:07:53.922372+00:00,"{UberX,Comfort,Electric}",4.77,Gold,0
b863fc3d-ac20-4449-bb6f-4d958a708a49,2025-12-02T01:30:26.922372+00:00,{UberX},4.73,Gold,0
b5e38758-a22b-4e36-8bfb-c24fb8400f41,2025-07-16T00:26:25.922372+00:00,"{UberBlack,Premier,Comfort,UberX}",4.93,Diamond,0
0d8d4d4f-6ddf-4ecc-8212-1c804cdfb873,2025-07-10T23:28:18.922372+00:00,{UberX},4.62,Blue,0
ec18baa2-3a91-41b9-91cd-e52a4a7c02ab,2025-11-18T11:05:06.922372+00:00,"{UberBlack,Premier,Comfort,UberX}",4.99,Platinum,0
6a92c711-9be1-4a78-bcae-97fb68ce16a6,2025-09-30T13:08:48.922372+00:00,"{UberX,Comfort}",4.95,Diamond,0
78837bbd-9faa-4a80-b911-55a9a41a26aa,2025-07-25T00:45:44.922372+00:00,"{UberX,Comfort}",4.94,Diamond,0
d90fac11-c2ed-4db7-9162-c7a1d1764b2c,2025-11-04T21:06:52.922372+00:00,"{UberX,Comfort}",4.97,Diamond,0
a535c736-f1e4-4b05-90f9-d825ce72c0f1,2025-10-22T06:26:00.922372+00:00,"{UberX,Comfort,Electric}",4.82,Platinum,0
c96bbc7e-aa85-4dae-9abd-e83cb34c047b,2025-07-13T11:10:56.922372+00:00,{UberX},4.85,Diamond,1
aa21e57f-d547-49c8-aa23-68eb2380dfd9,2025-11-23T22:20:34.922372+00:00,{UberX},4.51,Blue,0
7a4f970c-ecb5-476c-b756-a8a09cf470f1,2025-10-24T21:31:02.922372+00:00,"{UberX,Comfort,Electric}",4.76,Gold,1
d347a831-b248-4ffe-92de-4fbd841b6866,2025-09-04T06:13:13.922372+00:00,"{UberX,Comfort}",4.94,Diamond,0
3a5cb67f-7cf7-4c76-bf39-0874b02ae336,2025-09-11T03:19:09.922372+00:00,{UberX},4.66,Blue,1
724fb86b-b3d4-4c64-9f38-98db7f765e45,2025-11-20T05:39:52.922372+00:00,"{UberBlack,Premier,Comfort,UberX}",4.91,Diamond,0
a1eede69-ee1d-47ec-aa57-dff985a3b10c,2025-11-04T00:16:42.922372+00:00,"{UberBlack,Premier,Comfort,UberX}",4.94,Platinum,0
44293c2b-42c4-49cb-81bb-a814b0c3460c,2025-09-26T22:27:58.922372+00:00,"{UberX,Comfort}",4.85,Diamond,0
d1b28f7e-199a-4efb-8a3f-a523edd1e4fb,2025-08-16T00:04:59.922372+00:00,{UberX},4.85,Platinum,1
75f51449-4f6c-498d-a8d1-bc3346b6074d,2025-09-10T23:02:03.922372+00:00,"{UberX,Comfort,Electric}",4.79,Platinum,0
2c721480-25dc-408d-9087-9ae1de9b9917,2025-12-30T20:25:12.922372+00:00,"{UberX,Comfort,Electric}",4.83,Gold,0
0e6acb2d-959d-4775-bc3d-ce2958398909,2026-01-04T02:38:13.922372+00:00,"{UberX,Comfort}",4.9,Platinum,0
7ae756a9-60c6-4595-8608-982598239e33,2025-12-24T10:51:43.922372+00:00,"{UberX,Comfort,Electric}",4.85,Diamond,0
d4d6c336-9852-4453-b060-c865f122aa8e,2025-12-19T03:09:45.922372+00:00,{UberX},4.82,Gold,1
4aade248-9725-491a-a2e6-b4523afe81d4,2025-08-25T19:30:17.922372+00:00,"{UberX,Comfort}",4.94,Platinum,0
76959667-a351-4182-8c5f-6bbd3128ec13,2025-10-18T06:36:21.922372+00:00,{UberX},4.71,Blue,1
5492d0ff-178d-411f-9a4f-a36620453eee,2025-07-28T17:00:55.922372+00:00,{UberX},4.7,Blue,0
7f199898-1529-4ef2-beca-e194f6b2b997,2025-10-30T15:59:45.922372+00:00,"{UberX,Comfort}",4.92,Diamond,0
e655a4ad-e193-47ca-9455-a0aa309bd1fa,2025-09-08T08:08:34.922372+00:00,"{UberX,Comfort}",4.92,Diamond,0
c43ce079-101c-4ded-bfe2-bbad05cba9bd,2025-11-04T02:10:39.922372+00:00,"{UberBlack,Premier,Comfort,UberX}",4.92,Diamond,0
51b8fe6c-0465-40d1-afea-07407a9d7175,2025-08-27T01:21:08.922372+00:00,"{UberBlack,Premier,Comfort,UberX}",4.96,Diamond,0
cfb16e5c-57f9-44a9-ae77-03e76caf6b6c,2025-08-27T16:23:05.922372+00:00,"{UberX,Comfort,Electric}",4.81,Platinum,0
17169d86-51c5-4579-b2db-244ed01eb437,2025-08-01T21:47:45.922372+00:00,{UberX},4.82,Blue,1
c6db0231-a592-40f3-b6e9-2fc79922b89a,2025-12-27T18:58:48.922372+00:00,"{UberX,Comfort}",4.91,Platinum,0
2821b65f-5afb-40dd-a85a-a8657cc0ac4a,2025-08-30T05:08:07.922372+00:00,"{UberX,Comfort,Electric}",4.76,Platinum,0
0c3f1deb-d508-49bf-8d92-098ea2b4f114,2025-08-31T11:48:24.922372+00:00,"{UberBlack,Premier,Comfort,UberX}",4.95,Diamond,0
